FirstName,LastName,DateOfBirth,Hobbies
Daniel,Allen,5/2/1994,Basketball
Alba,Denton,12/12/1966,Skiing;Wrestling
Clint,Parker,1/17/2005,Basketball;Skiing;Swimming;Karate
Eduardo,Preston,1/20/1945,Basketball;Wrestling;Movies
Victoria,Gibbons,4/8/1964,Swimming;Football
Willow,Dowson,7/1/1954,Basketball;Wrestling;Swimming
Stella,Steer,3/27/1956,Basketball
Ramon,Uddin,2/17/1949,Basketball
Barry,Whitmore,1/14/1983,Basketball;Movies;Karate
Peter,Farmer,8/29/1955,Movies
Caleb,Neville,7/31/1963,Basketball;Skiing;Karate;Football
Rocco,Gordon,11/6/1961,Movies;Karate;Football;Basketball;Wrestling
Eduardo,Graves,6/13/1977,Swimming;Football
Anais,Hopkins,3/27/2005,Movies;Swimming;Football
Makenzie,Cooper,7/8/1952,Basketball;Wrestling
Tony,Stone,6/29/1999,Skiing;Swimming;Wrestling
Adalie,Turner,7/26/1981,Basketball;Wrestling;Swimming;Karate
Harriet,Atkinson,12/16/1971,Swimming;Skiing;Karate;Football;Wrestling
Alan,Stone ,6/16/1979,Movies;Football
Harvey,Armstrong,6/5/1992,Basketball;Swimming;Football
Nick,Weston,3/19/1946,Karate
Wade,Shepherd,10/9/1956,Swimming;Football
Sarah,Harrison,6/23/1977,Basketball
Tyson,Hunt,1/24/1983,Basketball;Skiing;Swimming;Karate
Hank,Ingram,7/17/1961,Basketball;Football
Ronald,Wood,6/29/1989,Skiing;Swimming
Elle,Gilmore,11/4/1949,Movies;Swimming
Chad,Farrant,11/22/1947,Skiing;Swimming;Football
Penny,Overson,11/2/1995,Skiing;Movies;Karate;Football;Wrestling
Kaylee,Uddin,4/20/1966,Movies;Swimming;Wrestling
Mark,Shaw,5/12/1980,Basketball;Movies;Karate;Wrestling
Anthony,Donnelly,1/30/1982,Wrestling
Andrea,Jennson,1/11/1967,Karate;Skiing;Swimming;Football
Chuck,Rowan,8/30/1983,Swimming;Football
Hazel,Warden,8/28/1967,Wrestling;Karate
Faith,Knight,5/5/1983,Swimming;Football
Noah,Mullins,10/8/1987,Skiing;Swimming;Football;Wrestling
Fred,Grady,8/2/1989,Wrestling;Football;Movies
Bethany,Miller,11/1/1966,Movies;Karate
Enoch,Bullock,12/9/1990,Basketball;Skiing;Swimming;Karate
Samantha,Alexander,5/21/1952,Basketball;Wrestling;Karate;Football
Isla,Wilson,11/1/2006,Skiing;Karate
Sydney,Greenwood,9/17/2003,Basketball;Skiing;Karate;Movies
Adeline,Page ,7/3/1972,Wrestling
Ramon,Shea,4/4/1991,Basketball
Maia,Cooper,9/18/1980,Movies;Football
Matt,Ashley,5/3/2002,Skiing;Swimming;Football;Wrestling
Benny,Pond,10/22/1977,Basketball;Skiing;Wrestling
Jamie,Phillips,5/24/1991,Basketball;Swimming;Karate
Aleksandra,Little,3/24/2004,Wrestling;Swimming;Karate;Movies
Rhea,Jarvis,4/9/1952,Wrestling;Swimming;Karate
Kirsten,Buckley,1/4/2000,Basketball;Wrestling;Swimming
Chester,Johnson,8/15/2005,Basketball;Swimming;Football
Mabel,Waterhouse,7/4/1993,Basketball;Wrestling;Skiing
Tony,Cobb,7/17/1963,Swimming;Skiing;Football;Karate;Basketball
Isabel,Antcliff,9/12/1949,Movies;Swimming;Karate
Chester,Radcliffe,6/23/1948,Swimming;Movies;Karate;Football;Basketball
Sabrina,Clark,1/1/2007,Basketball;Swimming
Caleb,Murray,1/6/1948,Basketball;Wrestling;Football
Eden,Purvis,11/23/1963,Karate
Harvey,Vollans,8/23/1998,Basketball;Wrestling;Swimming
Doug,Graham,6/11/1983,Football
Aileen,Phillips,10/31/1954,Basketball;Football
Angelique,Hastings,2/8/1999,Basketball;Wrestling
Mark,Holmes,6/22/1972,Basketball;Movies;Karate
David,Lyon,12/2/2002,Skiing;Swimming;Football
Caitlyn,Todd,7/30/1998,Wrestling;Swimming
Mackenzie,Fall,8/26/1994,Basketball;Karate
Denis,Nielson,3/11/1951,Skiing
Adalie,Smith,1/6/1959,Basketball;Karate;Football
Maxwell,Ebden,12/23/1972,Skiing;Wrestling;Karate
Rosie,Cooper,12/1/1952,Wrestling;Football
Rick,Funnell,10/28/1970,Skiing;Swimming
Sofie,Potts,7/8/1990,Football
John,Gosling,11/29/1982,Wrestling;Swimming;Football;Movies
Vicky,Morley,10/25/1988,Karate;Swimming;Football
Ramon,Asher,11/2/1957,Basketball;Movies;Swimming;Wrestling
Clint,Samuel,8/29/1956,Skiing;Movies;Swimming;Football
Isabel,Thompson,5/27/1999,Skiing;Karate
Domenic,Leigh,4/5/1982,Skiing;Swimming;Football;Wrestling
Nicholas,Clifton,12/4/2007,Movies;Football
Susan,Allen,2/26/1958,Skiing;Movies;Swimming;Wrestling
Gladys,Goodman,11/3/1977,Skiing
Liliana,Whatson,8/19/1954,Movies
Isabel,Gosling,3/18/1988,Wrestling;Karate;Football;Movies
Barney,Clifford,8/24/1998,Karate;Wrestling;Swimming;Football
Barry,Wright,10/17/1973,Movies;Swimming;Karate;Wrestling
Carl,Latham,5/20/1949,Movies;Karate
Josh,Wilcox,6/3/2004,Skiing;Movies
Vicky,Norburn,9/14/1966,Basketball;Swimming
Barry,Burnley,9/4/1945,Football
Celina,Weldon,6/5/1993,Skiing;Wrestling;Movies
Michael,Baker,6/19/1978,Swimming;Karate
Sabina,Waterson,6/7/2006,Movies;Swimming;Karate;Wrestling
Percy,Drummond,7/28/1982,Basketball;Movies;Karate;Wrestling
Molly,Wren,9/12/2000,Swimming;Skiing;Movies;Football;Wrestling
Rachael,Smith,8/19/2008,Skiing;Swimming;Football
Carter,Tindall,11/22/2006,Skiing;Swimming
Abdul,Hamilton,12/15/1995,Basketball;Movies;Wrestling
Maribel,Varndell,5/25/2000,Skiing
